{
    "gp_data": [],
    "run_data": {
        "tanh": [
            7185.7841538163675,
            7263.156330913024,
            7410.051177499637
        ],
        "sigmoid": [
            6041.1054540395435,
            6088.489037732918,
            6152.430059886178
        ],
        "relu": [
            10177.831432810923,
            9856.619659074022,
            1923.1058832971662
        ],
        "elu": [
            5806.800292216898,
            9237.921890316735,
            6440.335498407645
        ]
    },
    "gp_data_p_loss": [],
    "run_data_p_loss": {
        "tanh": [
            -623.4942993164062,
            -627.0357482910156,
            -646.3553649902344
        ],
        "sigmoid": [
            -538.6165771484375,
            -521.7275634765625,
            -545.4212890625
        ],
        "relu": [
            -841.9069519042969,
            -819.2948486328125,
            -178.03343505859374
        ],
        "elu": [
            -490.6815887451172,
            -760.1154907226562,
            -501.7339630126953
        ]
    },
    "gp_data_q_loss": [],
    "run_data_q_loss": {
        "tanh": [
            5.341289758682251,
            6.353802037239075,
            3.685723352432251
        ],
        "sigmoid": [
            6.273467969894409,
            8.518580961227418,
            7.979022812843323
        ],
        "relu": [
            10.740308284759521,
            16.165400314331055,
            0.599764347076416
        ],
        "elu": [
            5.884969568252563,
            11.58554711341858,
            4.3903077125549315
        ]
    },
    "gp_data_entropy": [],
    "run_data_entropy": {
        "tanh": [
            0.29935061782598493,
            1.0325097620487214,
            0.8198132336139679
        ],
        "sigmoid": [
            2.9226835489273073,
            2.70197856426239,
            2.734314703941345
        ],
        "relu": [
            1.7560185670852662,
            1.523631989955902,
            4.772788572311401
        ],
        "elu": [
            2.5467960834503174,
            1.6337369799613952,
            2.455884909629822
        ]
    }
}